year_month,product_category_name,order_value,time_index
2016-09-01,health_beauty,143.46,1
2016-10-01,air_conditioning,1503.6100000000001,2
2016-10-01,audio,183.03000000000003,2
2016-10-01,auto,1351.27,2
2016-10-01,baby,1517.55,2
2016-10-01,bed_bath_table,606.58,2
2016-10-01,computers_accessories,861.84,2
2016-10-01,consoles_games,3785.36,2
2016-10-01,cool_stuff,1236.88,2
2016-10-01,diapers_and_hygiene,150.99,2
2016-10-01,electronics,119.78999999999999,2
2016-10-01,fashio_female_clothing,69.63,2
2016-10-01,fashion_bags_accessories,656.49,2
2016-10-01,fashion_male_clothing,35.86,2
2016-10-01,fashion_shoes,40.95,2
2016-10-01,fixed_telephony,774.4499999999999,2
2016-10-01,food,96.23,2
2016-10-01,furniture_decor,7045.75,2
2016-10-01,garden_tools,1465.19,2
2016-10-01,health_beauty,4266.13,2
2016-10-01,housewares,1542.5400000000002,2
2016-10-01,industry_commerce_and_business,433.56000000000006,2
2016-10-01,market_place,1141.95,2
2016-10-01,office_furniture,1323.47,2
2016-10-01,perfumery,5639.51,2
2016-10-01,pet_shop,775.86,2
2016-10-01,sports_leisure,2526.37,2
2016-10-01,telephony,334.25,2
2016-10-01,toys,4181.29,2
2016-10-01,watches_gifts,2793.71,2
2016-12-01,fashion_bags_accessories,19.62,3
2017-01-01,agro_industry_and_commerce,107.76,4
2017-01-01,air_conditioning,738.36,4
2017-01-01,auto,5386.38,4
2017-01-01,baby,6890.22,4
2017-01-01,bed_bath_table,4765.1,4
2017-01-01,books_general_interest,271.55,4
2017-01-01,computers,2217.99,4
2017-01-01,computers_accessories,4377.6,4
2017-01-01,consoles_games,4672.09,4
2017-01-01,cool_stuff,7603.02,4
2017-01-01,dvds_blu_ray,47.8,4
2017-01-01,electronics,772.4300000000001,4
2017-01-01,fashio_female_clothing,102.81,4
2017-01-01,fashion_bags_accessories,2038.81,4
2017-01-01,fashion_male_clothing,159.11,4
2017-01-01,fashion_shoes,49.01,4
2017-01-01,fashion_underwear_beach,171.15,4
2017-01-01,fixed_telephony,917.0100000000001,4
2017-01-01,food,78.82,4
2017-01-01,furniture_bedroom,148.76000000000002,4
2017-01-01,furniture_decor,16119.28,4
2017-01-01,furniture_living_room,1519.22,4
2017-01-01,garden_tools,8448.34,4
2017-01-01,health_beauty,13424.19,4
2017-01-01,home_appliances_2,1803.8000000000002,4
2017-01-01,home_comfort_2,95.57,4
2017-01-01,housewares,3269.76,4
2017-01-01,kitchen_dining_laundry_garden_furniture,128.2,4
2017-01-01,luggage_accessories,565.38,4
2017-01-01,market_place,504.36,4
2017-01-01,music,37.24,4
2017-01-01,musical_instruments,357.74,4
2017-01-01,office_furniture,1341.78,4
2017-01-01,perfumery,5536.11,4
2017-01-01,pet_shop,996.39,4
2017-01-01,security_and_services,209.06,4
2017-01-01,small_appliances,1788.25,4
2017-01-01,sports_leisure,11212.83,4
2017-01-01,stationery,1754.61,4
2017-01-01,telephony,1128.27,4
2017-01-01,toys,5291.26,4
2017-01-01,watches_gifts,8310.83,4
2017-02-01,agro_industry_and_commerce,331.09999999999997,5
2017-02-01,air_conditioning,2476.83,5
2017-02-01,audio,247.85,5
2017-02-01,auto,14101.810000000001,5
2017-02-01,baby,3403.1,5
2017-02-01,bed_bath_table,19465.45,5
2017-02-01,books_general_interest,950.02,5
2017-02-01,books_technical,182.4,5
2017-02-01,cine_photo,95.24000000000001,5
2017-02-01,computers,3602.47,5
2017-02-01,computers_accessories,12970.19,5
2017-02-01,consoles_games,4637.96,5
2017-02-01,construction_tools_construction,393.57,5
2017-02-01,construction_tools_safety,396.86,5
2017-02-01,cool_stuff,13946.98,5
2017-02-01,costruction_tools_garden,624.6800000000001,5
2017-02-01,dvds_blu_ray,35.7,5
2017-02-01,electronics,1555.5,5
2017-02-01,fashio_female_clothing,414.6,5
2017-02-01,fashion_bags_accessories,2793.37,5
2017-02-01,fashion_male_clothing,644.99,5
2017-02-01,fashion_shoes,157.37,5
2017-02-01,fashion_underwear_beach,507.83000000000004,5
2017-02-01,fixed_telephony,1124.89,5
2017-02-01,food,875.25,5
2017-02-01,furniture_bedroom,501.88,5
2017-02-01,furniture_decor,24997.48,5
2017-02-01,furniture_living_room,3991.23,5
2017-02-01,garden_tools,13190.93,5
2017-02-01,health_beauty,25001.81,5
2017-02-01,home_appliances,855.4,5
2017-02-01,home_appliances_2,30.11,5
2017-02-01,home_confort,471.27,5
2017-02-01,home_construction,764.57,5
2017-02-01,housewares,12611.34,5
2017-02-01,industry_commerce_and_business,134.94,5
2017-02-01,kitchen_dining_laundry_garden_furniture,178.32999999999998,5
2017-02-01,luggage_accessories,2086.65,5
2017-02-01,market_place,1942.45,5
2017-02-01,musical_instruments,2501.11,5
2017-02-01,office_furniture,12857.49,5
2017-02-01,perfumery,8825.039999999999,5
2017-02-01,pet_shop,4315.07,5
2017-02-01,small_appliances,8022.25,5
2017-02-01,sports_leisure,18519.89,5
2017-02-01,stationery,2646.03,5
2017-02-01,tablets_printing_image,940.52,5
2017-02-01,telephony,8317.13,5
2017-02-01,toys,10533.61,5
2017-02-01,watches_gifts,11524.2,5
2017-03-01,agro_industry_and_commerce,110.69,6
2017-03-01,air_conditioning,4390.56,6
2017-03-01,art,255.0,6
2017-03-01,audio,1367.4,6
2017-03-01,auto,15304.25,6
2017-03-01,baby,4309.360000000001,6
2017-03-01,bed_bath_table,30102.260000000002,6
2017-03-01,books_general_interest,2951.3,6
2017-03-01,books_technical,103.74000000000001,6
2017-03-01,computers_accessories,31257.11,6
2017-03-01,consoles_games,10048.94,6
2017-03-01,construction_tools_construction,53.42,6
2017-03-01,cool_stuff,22797.12,6
2017-03-01,drinks,568.4300000000001,6
2017-03-01,dvds_blu_ray,525.2,6
2017-03-01,electronics,4655.16,6
2017-03-01,fashio_female_clothing,30.86,6
2017-03-01,fashion_bags_accessories,5725.97,6
2017-03-01,fashion_male_clothing,721.36,6
2017-03-01,fashion_shoes,1746.1799999999998,6
2017-03-01,fashion_sport,54.01,6
2017-03-01,fashion_underwear_beach,460.62,6
2017-03-01,fixed_telephony,1644.25,6
2017-03-01,food,2830.01,6
2017-03-01,food_drink,132.93,6
2017-03-01,furniture_decor,28298.600000000002,6
2017-03-01,furniture_living_room,3907.69,6
2017-03-01,garden_tools,25256.239999999998,6
2017-03-01,health_beauty,28793.29,6
2017-03-01,home_appliances,510.67,6
2017-03-01,home_appliances_2,568.43,6
2017-03-01,home_comfort_2,390.89,6
2017-03-01,home_confort,2380.79,6
2017-03-01,home_construction,718.69,6
2017-03-01,housewares,16473.25,6
2017-03-01,industry_commerce_and_business,282.03,6
2017-03-01,kitchen_dining_laundry_garden_furniture,169.05,6
2017-03-01,luggage_accessories,7378.39,6
2017-03-01,market_place,2075.96,6
2017-03-01,music,42.51,6
2017-03-01,musical_instruments,1887.51,6
2017-03-01,office_furniture,12449.39,6
2017-03-01,perfumery,21153.63,6
2017-03-01,pet_shop,9008.300000000001,6
2017-03-01,signaling_and_security,91.23,6
2017-03-01,small_appliances,11109.09,6
2017-03-01,sports_leisure,29268.78,6
2017-03-01,stationery,6837.9,6
2017-03-01,tablets_printing_image,587.91,6
2017-03-01,telephony,10409.98,6
2017-03-01,toys,14248.289999999999,6
2017-03-01,watches_gifts,26104.38,6
2017-04-01,air_conditioning,2748.32,7
2017-04-01,art,147.17000000000002,7
2017-04-01,audio,1103.95,7
2017-04-01,auto,17314.91,7
2017-04-01,baby,4790.67,7
2017-04-01,bed_bath_table,29015.77,7
2017-04-01,books_general_interest,1142.79,7
2017-04-01,books_imported,33.43,7
2017-04-01,books_technical,86.92,7
2017-04-01,christmas_supplies,93.97,7
2017-04-01,cine_photo,166.31,7
2017-04-01,computers_accessories,20615.420000000002,7
2017-04-01,consoles_games,4072.8,7
2017-04-01,cool_stuff,23358.58,7
2017-04-01,costruction_tools_garden,1680.57,7
2017-04-01,costruction_tools_tools,748.27,7
2017-04-01,dvds_blu_ray,1466.34,7
2017-04-01,electronics,5611.49,7
2017-04-01,fashio_female_clothing,87.74000000000001,7
2017-04-01,fashion_bags_accessories,3831.78,7
2017-04-01,fashion_male_clothing,437.39,7
2017-04-01,fashion_shoes,1900.42,7
2017-04-01,fashion_sport,244.46999999999997,7
2017-04-01,fashion_underwear_beach,132.96999999999997,7
2017-04-01,fixed_telephony,601.87,7
2017-04-01,food,611.15,7
2017-04-01,food_drink,80.78,7
2017-04-01,furniture_bedroom,831.36,7
2017-04-01,furniture_decor,22041.2,7
2017-04-01,furniture_living_room,2526.11,7
2017-04-01,furniture_mattress_and_upholstery,130.8,7
2017-04-01,garden_tools,20028.39,7
2017-04-01,health_beauty,25423.38,7
2017-04-01,home_appliances,635.5699999999999,7
2017-04-01,home_appliances_2,946.97,7
2017-04-01,home_comfort_2,23.86,7
2017-04-01,home_confort,2712.95,7
2017-04-01,home_construction,1696.94,7
2017-04-01,housewares,15549.76,7
2017-04-01,kitchen_dining_laundry_garden_furniture,1282.1,7
2017-04-01,la_cuisine,34.81,7
2017-04-01,luggage_accessories,8388.5,7
2017-04-01,market_place,4479.02,7
2017-04-01,music,88.84,7
2017-04-01,musical_instruments,4114.2699999999995,7
2017-04-01,office_furniture,11164.03,7
2017-04-01,perfumery,21124.96,7
2017-04-01,pet_shop,6994.610000000001,7
2017-04-01,signaling_and_security,183.65,7
2017-04-01,small_appliances,23918.29,7
2017-04-01,sports_leisure,26781.39,7
2017-04-01,stationery,5119.99,7
2017-04-01,tablets_printing_image,1312.23,7
2017-04-01,telephony,9254.2,7
2017-04-01,toys,14616.61,7
2017-04-01,watches_gifts,25028.32,7
2017-05-01,agro_industry_and_commerce,1763.7400000000002,8
2017-05-01,air_conditioning,1068.45,8
2017-05-01,art,7302.75,8
2017-05-01,arts_and_craftmanship,29.659999999999997,8
2017-05-01,audio,2333.19,8
2017-05-01,auto,19068.38,8
2017-05-01,baby,10630.880000000001,8
2017-05-01,bed_bath_table,39342.57,8
2017-05-01,books_general_interest,2199.17,8
2017-05-01,books_technical,316.46000000000004,8
2017-05-01,cine_photo,91.71000000000001,8
2017-05-01,computers_accessories,50661.74,8
2017-05-01,consoles_games,2947.2400000000002,8
2017-05-01,construction_tools_construction,149.39999999999998,8
2017-05-01,cool_stuff,37435.71,8
2017-05-01,costruction_tools_garden,1633.33,8
2017-05-01,costruction_tools_tools,834.3,8
2017-05-01,drinks,112.95,8
2017-05-01,dvds_blu_ray,150.6,8
2017-05-01,electronics,7235.2,8
2017-05-01,fashio_female_clothing,415.6,8
2017-05-01,fashion_bags_accessories,8921.53,8
2017-05-01,fashion_childrens_clothes,124.52,8
2017-05-01,fashion_male_clothing,676.21,8
2017-05-01,fashion_shoes,2014.8899999999999,8
2017-05-01,fashion_sport,218.57,8
2017-05-01,fashion_underwear_beach,369.26,8
2017-05-01,fixed_telephony,637.8100000000001,8
2017-05-01,food,452.25,8
2017-05-01,food_drink,497.69,8
2017-05-01,furniture_bedroom,2658.95,8
2017-05-01,furniture_decor,28299.58,8
2017-05-01,furniture_living_room,5576.58,8
2017-05-01,furniture_mattress_and_upholstery,731.8800000000001,8
2017-05-01,garden_tools,23393.65,8
2017-05-01,health_beauty,52496.4,8
2017-05-01,home_appliances,2557.47,8
2017-05-01,home_appliances_2,1587.47,8
2017-05-01,home_confort,5789.89,8
2017-05-01,home_construction,1731.6000000000001,8
2017-05-01,housewares,26704.1,8
2017-05-01,industry_commerce_and_business,552.22,8
2017-05-01,kitchen_dining_laundry_garden_furniture,1637.21,8
2017-05-01,la_cuisine,232.19,8
2017-05-01,luggage_accessories,14860.09,8
2017-05-01,market_place,2859.2799999999997,8
2017-05-01,musical_instruments,10102.98,8
2017-05-01,office_furniture,10019.71,8
2017-05-01,perfumery,21955.59,8
2017-05-01,pet_shop,9646.52,8
2017-05-01,signaling_and_security,775.94,8
2017-05-01,small_appliances,5727.349999999999,8
2017-05-01,sports_leisure,39772.61,8
2017-05-01,stationery,6580.65,8
2017-05-01,tablets_printing_image,549.4399999999999,8
2017-05-01,telephony,12019.48,8
2017-05-01,toys,25588.89,8
2017-05-01,watches_gifts,39020.48,8
2017-06-01,agro_industry_and_commerce,1422.05,9
2017-06-01,air_conditioning,2288.52,9
2017-06-01,art,285.35,9
2017-06-01,audio,1818.24,9
2017-06-01,auto,31182.76,9
2017-06-01,baby,9185.37,9
2017-06-01,bed_bath_table,41360.26,9
2017-06-01,books_general_interest,2305.34,9
2017-06-01,books_imported,129.2,9
2017-06-01,books_technical,188.53,9
2017-06-01,christmas_supplies,246.25,9
2017-06-01,cine_photo,112.91,9
2017-06-01,computers_accessories,40621.72,9
2017-06-01,consoles_games,5323.35,9
2017-06-01,construction_tools_construction,475.31,9
2017-06-01,cool_stuff,42654.18,9
2017-06-01,costruction_tools_garden,500.40000000000003,9
2017-06-01,drinks,69.2,9
2017-06-01,dvds_blu_ray,199.74,9
2017-06-01,electronics,2571.33,9
2017-06-01,fashio_female_clothing,199.3,9
2017-06-01,fashion_bags_accessories,7932.62,9
2017-06-01,fashion_childrens_clothes,118.96000000000001,9
2017-06-01,fashion_male_clothing,689.8199999999999,9
2017-06-01,fashion_shoes,1679.1499999999999,9
2017-06-01,fashion_sport,567.4,9
2017-06-01,fashion_underwear_beach,19.0,9
2017-06-01,fixed_telephony,1141.43,9
2017-06-01,food,171.79000000000002,9
2017-06-01,food_drink,82.78,9
2017-06-01,furniture_bedroom,351.68,9
2017-06-01,furniture_decor,21411.39,9
2017-06-01,furniture_living_room,2242.91,9
2017-06-01,garden_tools,18717.85,9
2017-06-01,health_beauty,36961.52,9
2017-06-01,home_appliances,3258.09,9
2017-06-01,home_appliances_2,1435.0700000000002,9
2017-06-01,home_comfort_2,28.0,9
2017-06-01,home_confort,2903.62,9
2017-06-01,home_construction,2141.18,9
2017-06-01,housewares,28900.87,9
2017-06-01,industry_commerce_and_business,342.16999999999996,9
2017-06-01,kitchen_dining_laundry_garden_furniture,542.59,9
2017-06-01,luggage_accessories,10169.35,9
2017-06-01,market_place,1491.86,9
2017-06-01,music,1141.1200000000001,9
2017-06-01,musical_instruments,5515.32,9
2017-06-01,office_furniture,9095.8,9
2017-06-01,perfumery,26674.93,9
2017-06-01,pet_shop,6017.0599999999995,9
2017-06-01,signaling_and_security,186.95,9
2017-06-01,small_appliances,10342.28,9
2017-06-01,small_appliances_home_oven_and_coffee,88.65,9
2017-06-01,sports_leisure,38553.48,9
2017-06-01,stationery,4176.05,9
2017-06-01,tablets_printing_image,679.17,9
2017-06-01,telephony,8933.27,9
2017-06-01,toys,18121.78,9
2017-06-01,watches_gifts,29135.91,9
2017-07-01,agro_industry_and_commerce,1199.47,10
2017-07-01,air_conditioning,1493.1299999999999,10
2017-07-01,art,424.9,10
2017-07-01,arts_and_craftmanship,145.56,10
2017-07-01,audio,500.37,10
2017-07-01,auto,16328.1,10
2017-07-01,baby,17947.09,10
2017-07-01,bed_bath_table,73804.67,10
2017-07-01,books_general_interest,1545.28,10
2017-07-01,books_technical,580.88,10
2017-07-01,cds_dvds_musicals,299.38,10
2017-07-01,christmas_supplies,98.05,10
2017-07-01,computers_accessories,43616.86,10
2017-07-01,consoles_games,6265.21,10
2017-07-01,construction_tools_construction,822.9699999999999,10
2017-07-01,construction_tools_lights,401.45,10
2017-07-01,cool_stuff,41234.83,10
2017-07-01,costruction_tools_garden,473.37,10
2017-07-01,drinks,348.08000000000004,10
2017-07-01,dvds_blu_ray,796.4599999999999,10
2017-07-01,electronics,8191.26,10
2017-07-01,fashio_female_clothing,443.1,10
2017-07-01,fashion_bags_accessories,6315.45,10
2017-07-01,fashion_male_clothing,860.33,10
2017-07-01,fashion_shoes,1606.71,10
2017-07-01,fashion_sport,77.68,10
2017-07-01,fashion_underwear_beach,314.48,10
2017-07-01,fixed_telephony,348.27,10
2017-07-01,food,754.19,10
2017-07-01,food_drink,261.68,10
2017-07-01,furniture_bedroom,1368.65,10
2017-07-01,furniture_decor,29751.39,10
2017-07-01,furniture_living_room,4738.73,10
2017-07-01,furniture_mattress_and_upholstery,178.53,10
2017-07-01,garden_tools,22362.93,10
2017-07-01,health_beauty,39917.97,10
2017-07-01,home_appliances,4336.18,10
2017-07-01,home_appliances_2,1306.8799999999999,10
2017-07-01,home_comfort_2,28.0,10
2017-07-01,home_confort,5508.400000000001,10
2017-07-01,home_construction,123.8,10
2017-07-01,housewares,24688.76,10
2017-07-01,industry_commerce_and_business,352.25,10
2017-07-01,kitchen_dining_laundry_garden_furniture,1657.56,10
2017-07-01,la_cuisine,559.23,10
2017-07-01,luggage_accessories,10040.3,10
2017-07-01,market_place,1799.9499999999998,10
2017-07-01,music,350.54,10
2017-07-01,musical_instruments,7933.5599999999995,10
2017-07-01,office_furniture,21530.6,10
2017-07-01,party_supplies,83.41000000000001,10
2017-07-01,perfumery,14622.98,10
2017-07-01,pet_shop,8272.16,10
2017-07-01,signaling_and_security,618.78,10
2017-07-01,small_appliances,4310.0,10
2017-07-01,sports_leisure,43827.21,10
2017-07-01,stationery,8256.4,10
2017-07-01,tablets_printing_image,219.63,10
2017-07-01,telephony,11215.42,10
2017-07-01,toys,27297.29,10
2017-07-01,watches_gifts,36159.02,10
2017-08-01,agro_industry_and_commerce,224.6,11
2017-08-01,air_conditioning,4450.07,11
2017-08-01,art,317.06,11
2017-08-01,audio,1210.44,11
2017-08-01,auto,20040.85,11
2017-08-01,baby,22270.53,11
2017-08-01,bed_bath_table,66420.01,11
2017-08-01,books_general_interest,2549.89,11
2017-08-01,books_imported,70.34,11
2017-08-01,books_technical,1324.98,11
2017-08-01,cds_dvds_musicals,177.16,11
2017-08-01,christmas_supplies,76.88,11
2017-08-01,computers,33497.409999999996,11
2017-08-01,computers_accessories,40383.42,11
2017-08-01,consoles_games,9955.24,11
2017-08-01,construction_tools_construction,1394.33,11
2017-08-01,construction_tools_lights,670.98,11
2017-08-01,construction_tools_safety,24.689999999999998,11
2017-08-01,cool_stuff,43383.42,11
2017-08-01,costruction_tools_garden,1483.0,11
2017-08-01,drinks,148.77,11
2017-08-01,dvds_blu_ray,231.82999999999998,11
2017-08-01,electronics,3704.79,11
2017-08-01,fashio_female_clothing,235.65,11
2017-08-01,fashion_bags_accessories,7874.54,11
2017-08-01,fashion_male_clothing,1400.23,11
2017-08-01,fashion_shoes,1753.63,11
2017-08-01,fashion_sport,389.44,11
2017-08-01,fashion_underwear_beach,1308.8700000000001,11
2017-08-01,fixed_telephony,3640.31,11
2017-08-01,food,500.23,11
2017-08-01,food_drink,795.12,11
2017-08-01,furniture_bedroom,702.3599999999999,11
2017-08-01,furniture_decor,42198.68,11
2017-08-01,furniture_living_room,3066.1,11
2017-08-01,furniture_mattress_and_upholstery,633.66,11
2017-08-01,garden_tools,27699.03,11
2017-08-01,health_beauty,54689.44,11
2017-08-01,home_appliances,4903.62,11
2017-08-01,home_appliances_2,4355.28,11
2017-08-01,home_comfort_2,69.91,11
2017-08-01,home_confort,3916.19,11
2017-08-01,home_construction,141.43,11
2017-08-01,housewares,28404.2,11
2017-08-01,industry_commerce_and_business,1043.95,11
2017-08-01,kitchen_dining_laundry_garden_furniture,1231.29,11
2017-08-01,la_cuisine,373.52,11
2017-08-01,luggage_accessories,8185.8,11
2017-08-01,market_place,2360.93,11
2017-08-01,musical_instruments,7703.2,11
2017-08-01,office_furniture,12389.04,11
2017-08-01,perfumery,14960.2,11
2017-08-01,pet_shop,12128.78,11
2017-08-01,signaling_and_security,443.47,11
2017-08-01,small_appliances,4871.19,11
2017-08-01,small_appliances_home_oven_and_coffee,33.75,11
2017-08-01,sports_leisure,48553.3,11
2017-08-01,stationery,7885.5,11
2017-08-01,tablets_printing_image,557.8199999999999,11
2017-08-01,telephony,12791.05,11
2017-08-01,toys,20661.36,11
2017-08-01,watches_gifts,39578.95,11
2017-09-01,agro_industry_and_commerce,2119.69,12
2017-09-01,air_conditioning,1782.09,12
2017-09-01,art,435.85,12
2017-09-01,audio,1191.79,12
2017-09-01,auto,16409.32,12
2017-09-01,baby,26887.54,12
2017-09-01,bed_bath_table,61557.91,12
2017-09-01,books_general_interest,1149.77,12
2017-09-01,books_imported,327.56,12
2017-09-01,books_technical,1136.91,12
2017-09-01,christmas_supplies,318.28,12
2017-09-01,cine_photo,102.84,12
2017-09-01,computers,52948.15,12
2017-09-01,computers_accessories,32972.21,12
2017-09-01,consoles_games,9214.38,12
2017-09-01,construction_tools_construction,1420.22,12
2017-09-01,construction_tools_lights,258.98,12
2017-09-01,construction_tools_safety,1202.29,12
2017-09-01,cool_stuff,41510.15,12
2017-09-01,costruction_tools_garden,338.97,12
2017-09-01,costruction_tools_tools,976.08,12
2017-09-01,drinks,314.43,12
2017-09-01,dvds_blu_ray,91.06,12
2017-09-01,electronics,5401.65,12
2017-09-01,fashio_female_clothing,430.31,12
2017-09-01,fashion_bags_accessories,14003.76,12
2017-09-01,fashion_childrens_clothes,107.06,12
2017-09-01,fashion_male_clothing,1388.19,12
2017-09-01,fashion_shoes,1246.75,12
2017-09-01,fashion_sport,500.82,12
2017-09-01,fashion_underwear_beach,1858.18,12
2017-09-01,fixed_telephony,13990.19,12
2017-09-01,food,1239.2,12
2017-09-01,food_drink,444.78000000000003,12
2017-09-01,furniture_bedroom,923.98,12
2017-09-01,furniture_decor,37717.19,12
2017-09-01,furniture_living_room,1562.83,12
2017-09-01,furniture_mattress_and_upholstery,133.82,12
2017-09-01,garden_tools,26595.03,12
2017-09-01,health_beauty,57871.0,12
2017-09-01,home_appliances,2197.28,12
2017-09-01,home_appliances_2,1928.62,12
2017-09-01,home_comfort_2,29.689999999999998,12
2017-09-01,home_confort,5273.36,12
2017-09-01,home_construction,1759.3600000000001,12
2017-09-01,housewares,24509.4,12
2017-09-01,industry_commerce_and_business,251.70999999999998,12
2017-09-01,kitchen_dining_laundry_garden_furniture,527.88,12
2017-09-01,luggage_accessories,4859.6900000000005,12
2017-09-01,market_place,1349.62,12
2017-09-01,musical_instruments,9094.88,12
2017-09-01,office_furniture,12129.97,12
2017-09-01,party_supplies,303.2,12
2017-09-01,perfumery,16265.38,12
2017-09-01,pet_shop,9875.16,12
2017-09-01,security_and_services,115.45,12
2017-09-01,signaling_and_security,536.55,12
2017-09-01,small_appliances,10913.08,12
2017-09-01,small_appliances_home_oven_and_coffee,673.47,12
2017-09-01,sports_leisure,57391.72,12
2017-09-01,stationery,7202.08,12
2017-09-01,tablets_printing_image,279.88,12
2017-09-01,telephony,21156.98,12
2017-09-01,toys,34754.15,12
2017-09-01,watches_gifts,48838.66,12
2017-10-01,agro_industry_and_commerce,3558.43,13
2017-10-01,air_conditioning,2869.9,13
2017-10-01,art,400.45,13
2017-10-01,audio,2673.37,13
2017-10-01,auto,24889.97,13
2017-10-01,baby,19258.13,13
2017-10-01,bed_bath_table,56550.33,13
2017-10-01,books_general_interest,797.34,13
2017-10-01,books_technical,988.25,13
2017-10-01,cds_dvds_musicals,61.11,13
2017-10-01,christmas_supplies,531.24,13
2017-10-01,cine_photo,107.0,13
2017-10-01,computers,40212.43,13
2017-10-01,computers_accessories,47768.84,13
2017-10-01,consoles_games,12031.01,13
2017-10-01,construction_tools_construction,3024.83,13
2017-10-01,construction_tools_lights,651.0999999999999,13
2017-10-01,construction_tools_safety,1918.55,13
2017-10-01,cool_stuff,49746.97,13
2017-10-01,costruction_tools_garden,888.1600000000001,13
2017-10-01,costruction_tools_tools,1119.96,13
2017-10-01,drinks,752.72,13
2017-10-01,dvds_blu_ray,269.1,13
2017-10-01,electronics,4467.93,13
2017-10-01,fashion_bags_accessories,9180.81,13
2017-10-01,fashion_childrens_clothes,54.09,13
2017-10-01,fashion_male_clothing,1117.23,13
2017-10-01,fashion_shoes,2194.58,13
2017-10-01,fashion_sport,68.62,13
2017-10-01,fashion_underwear_beach,222.95,13
2017-10-01,fixed_telephony,3906.0299999999997,13
2017-10-01,food,843.86,13
2017-10-01,food_drink,2728.15,13
2017-10-01,furniture_bedroom,1099.3600000000001,13
2017-10-01,furniture_decor,38653.41,13
2017-10-01,furniture_living_room,2008.98,13
2017-10-01,garden_tools,32113.26,13
2017-10-01,health_beauty,47659.1,13
2017-10-01,home_appliances,2091.71,13
2017-10-01,home_appliances_2,2444.64,13
2017-10-01,home_comfort_2,56.0,13
2017-10-01,home_confort,4072.65,13
2017-10-01,home_construction,4752.21,13
2017-10-01,housewares,19839.56,13
2017-10-01,industry_commerce_and_business,2468.18,13
2017-10-01,kitchen_dining_laundry_garden_furniture,4059.62,13
2017-10-01,la_cuisine,160.82999999999998,13
2017-10-01,luggage_accessories,7717.36,13
2017-10-01,market_place,1130.03,13
2017-10-01,music,70.03,13
2017-10-01,musical_instruments,6765.820000000001,13
2017-10-01,office_furniture,21456.61,13
2017-10-01,party_supplies,163.87,13
2017-10-01,perfumery,20032.37,13
2017-10-01,pet_shop,9623.98,13
2017-10-01,signaling_and_security,775.13,13
2017-10-01,small_appliances,6691.56,13
2017-10-01,sports_leisure,56793.96,13
2017-10-01,stationery,9642.03,13
2017-10-01,tablets_printing_image,111.19,13
2017-10-01,telephony,24423.98,13
2017-10-01,toys,37869.08,13
2017-10-01,watches_gifts,69473.22,13
2017-11-01,agro_industry_and_commerce,14610.32,14
2017-11-01,air_conditioning,4417.0,14
2017-11-01,art,92.78,14
2017-11-01,audio,4195.14,14
2017-11-01,auto,40004.65,14
2017-11-01,baby,24782.55,14
2017-11-01,bed_bath_table,104582.86,14
2017-11-01,books_general_interest,3138.27,14
2017-11-01,books_imported,281.21,14
2017-11-01,books_technical,863.82,14
2017-11-01,cds_dvds_musicals,224.82,14
2017-11-01,christmas_supplies,1740.96,14
2017-11-01,cine_photo,259.94,14
2017-11-01,computers,10060.4,14
2017-11-01,computers_accessories,81269.71,14
2017-11-01,consoles_games,13872.76,14
2017-11-01,construction_tools_construction,8533.7,14
2017-11-01,construction_tools_lights,2606.99,14
2017-11-01,construction_tools_safety,3507.71,14
2017-11-01,cool_stuff,61655.76,14
2017-11-01,costruction_tools_garden,1578.65,14
2017-11-01,costruction_tools_tools,349.54,14
2017-11-01,drinks,1037.03,14
2017-11-01,dvds_blu_ray,145.67000000000002,14
2017-11-01,electronics,12885.15,14
2017-11-01,fashio_female_clothing,84.16999999999999,14
2017-11-01,fashion_bags_accessories,15549.2,14
2017-11-01,fashion_male_clothing,1041.68,14
2017-11-01,fashion_shoes,1814.18,14
2017-11-01,fashion_sport,67.67999999999999,14
2017-11-01,fashion_underwear_beach,1391.8600000000001,14
2017-11-01,fixed_telephony,421.99,14
2017-11-01,flowers,269.28999999999996,14
2017-11-01,food,662.05,14
2017-11-01,food_drink,3031.35,14
2017-11-01,furniture_bedroom,1050.46,14
2017-11-01,furniture_decor,76411.1,14
2017-11-01,furniture_living_room,6968.71,14
2017-11-01,furniture_mattress_and_upholstery,412.81000000000006,14
2017-11-01,garden_tools,56200.26,14
2017-11-01,health_beauty,88522.19,14
2017-11-01,home_appliances,5069.98,14
2017-11-01,home_appliances_2,5571.8,14
2017-11-01,home_comfort_2,80.75,14
2017-11-01,home_confort,6245.13,14
2017-11-01,home_construction,5561.24,14
2017-11-01,housewares,43395.96,14
2017-11-01,industry_commerce_and_business,2245.28,14
2017-11-01,kitchen_dining_laundry_garden_furniture,6387.13,14
2017-11-01,luggage_accessories,10472.44,14
2017-11-01,market_place,1682.6100000000001,14
2017-11-01,musical_instruments,17060.47,14
2017-11-01,office_furniture,22687.87,14
2017-11-01,party_supplies,906.57,14
2017-11-01,perfumery,36670.55,14
2017-11-01,pet_shop,13235.57,14
2017-11-01,signaling_and_security,792.79,14
2017-11-01,small_appliances,8279.71,14
2017-11-01,sports_leisure,73872.26,14
2017-11-01,stationery,19804.85,14
2017-11-01,tablets_printing_image,442.39,14
2017-11-01,telephony,31814.71,14
2017-11-01,toys,70977.5,14
2017-11-01,watches_gifts,101726.44,14
2017-12-01,agro_industry_and_commerce,5664.04,15
2017-12-01,air_conditioning,722.34,15
2017-12-01,art,163.39,15
2017-12-01,audio,2941.1200000000003,15
2017-12-01,auto,44046.54,15
2017-12-01,baby,21659.52,15
2017-12-01,bed_bath_table,59765.12,15
2017-12-01,books_general_interest,2989.22,15
2017-12-01,books_imported,271.06,15
2017-12-01,books_technical,735.96,15
2017-12-01,cds_dvds_musicals,74.94,15
2017-12-01,christmas_supplies,770.5500000000001,15
2017-12-01,computers,17234.85,15
2017-12-01,computers_accessories,42545.66,15
2017-12-01,consoles_games,10204.4,15
2017-12-01,construction_tools_construction,6566.5,15
2017-12-01,construction_tools_lights,206.45999999999998,15
2017-12-01,construction_tools_safety,1525.46,15
2017-12-01,cool_stuff,41922.61,15
2017-12-01,costruction_tools_garden,1097.75,15
2017-12-01,costruction_tools_tools,457.82,15
2017-12-01,diapers_and_hygiene,99.7,15
2017-12-01,drinks,2574.4100000000003,15
2017-12-01,dvds_blu_ray,135.49,15
2017-12-01,electronics,11961.77,15
2017-12-01,fashion_bags_accessories,12094.16,15
2017-12-01,fashion_male_clothing,532.14,15
2017-12-01,fashion_shoes,1403.97,15
2017-12-01,fashion_sport,76.75999999999999,15
2017-12-01,fashion_underwear_beach,1359.62,15
2017-12-01,fixed_telephony,1095.81,15
2017-12-01,flowers,112.97999999999999,15
2017-12-01,food,897.85,15
2017-12-01,food_drink,1403.16,15
2017-12-01,furniture_bedroom,230.75,15
2017-12-01,furniture_decor,38315.59,15
2017-12-01,furniture_living_room,3099.52,15
2017-12-01,furniture_mattress_and_upholstery,1088.3999999999999,15
2017-12-01,garden_tools,33895.66,15
2017-12-01,health_beauty,69043.18000000001,15
2017-12-01,home_appliances,1672.84,15
2017-12-01,home_appliances_2,2272.45,15
2017-12-01,home_confort,2639.58,15
2017-12-01,home_construction,7768.25,15
2017-12-01,housewares,30373.66,15
2017-12-01,industry_commerce_and_business,2009.8600000000001,15
2017-12-01,kitchen_dining_laundry_garden_furniture,5265.0199999999995,15
2017-12-01,luggage_accessories,7112.4800000000005,15
2017-12-01,market_place,835.1700000000001,15
2017-12-01,musical_instruments,9192.29,15
2017-12-01,office_furniture,7990.63,15
2017-12-01,party_supplies,549.9200000000001,15
2017-12-01,perfumery,30076.96,15
2017-12-01,pet_shop,8515.08,15
2017-12-01,signaling_and_security,842.4399999999999,15
2017-12-01,small_appliances,8063.07,15
2017-12-01,sports_leisure,68043.36,15
2017-12-01,stationery,29335.58,15
2017-12-01,tablets_printing_image,475.02,15
2017-12-01,telephony,16354.89,15
2017-12-01,toys,62301.82,15
2017-12-01,watches_gifts,74849.57,15
2018-01-01,agro_industry_and_commerce,6296.51,16
2018-01-01,air_conditioning,5177.52,16
2018-01-01,art,2864.21,16
2018-01-01,audio,4233.39,16
2018-01-01,auto,40807.23,16
2018-01-01,baby,34579.13,16
2018-01-01,bed_bath_table,89488.78,16
2018-01-01,books_general_interest,2791.32,16
2018-01-01,books_imported,648.6700000000001,16
2018-01-01,books_technical,1418.83,16
2018-01-01,christmas_supplies,1104.46,16
2018-01-01,cine_photo,223.78,16
2018-01-01,computers,7646.57,16
2018-01-01,computers_accessories,94000.85,16
2018-01-01,consoles_games,8108.7,16
2018-01-01,construction_tools_construction,10248.31,16
2018-01-01,construction_tools_lights,2554.77,16
2018-01-01,construction_tools_safety,2424.76,16
2018-01-01,cool_stuff,44144.14,16
2018-01-01,costruction_tools_garden,4505.74,16
2018-01-01,costruction_tools_tools,642.5,16
2018-01-01,diapers_and_hygiene,188.45,16
2018-01-01,drinks,2948.39,16
2018-01-01,dvds_blu_ray,96.58,16
2018-01-01,electronics,21241.19,16
2018-01-01,fashio_female_clothing,196.48000000000002,16
2018-01-01,fashion_bags_accessories,9794.22,16
2018-01-01,fashion_male_clothing,662.17,16
2018-01-01,fashion_shoes,822.3100000000001,16
2018-01-01,fashion_sport,145.33999999999997,16
2018-01-01,fashion_underwear_beach,877.02,16
2018-01-01,fixed_telephony,2633.55,16
2018-01-01,flowers,293.14,16
2018-01-01,food,1080.12,16
2018-01-01,food_drink,529.22,16
2018-01-01,furniture_bedroom,1065.04,16
2018-01-01,furniture_decor,65783.23,16
2018-01-01,furniture_living_room,2861.95,16
2018-01-01,furniture_mattress_and_upholstery,1270.4,16
2018-01-01,garden_tools,32410.56,16
2018-01-01,health_beauty,81577.65,16
2018-01-01,home_appliances,2246.78,16
2018-01-01,home_appliances_2,9109.57,16
2018-01-01,home_confort,3435.61,16
2018-01-01,home_construction,6626.98,16
2018-01-01,housewares,45125.82,16
2018-01-01,industry_commerce_and_business,3223.83,16
2018-01-01,kitchen_dining_laundry_garden_furniture,5949.219999999999,16
2018-01-01,la_cuisine,130.03,16
2018-01-01,luggage_accessories,21815.93,16
2018-01-01,market_place,1046.76,16
2018-01-01,music,40.07,16
2018-01-01,musical_instruments,16425.73,16
2018-01-01,office_furniture,24245.72,16
2018-01-01,party_supplies,170.26000000000002,16
2018-01-01,perfumery,22892.3,16
2018-01-01,pet_shop,12346.05,16
2018-01-01,signaling_and_security,1295.97,16
2018-01-01,small_appliances,15579.25,16
2018-01-01,small_appliances_home_oven_and_coffee,385.13,16
2018-01-01,sports_leisure,98357.91,16
2018-01-01,stationery,45646.02,16
2018-01-01,tablets_printing_image,186.76999999999998,16
2018-01-01,telephony,20091.63,16
2018-01-01,toys,24167.170000000002,16
2018-01-01,watches_gifts,78826.46,16
2018-02-01,agro_industry_and_commerce,8031.41,17
2018-02-01,air_conditioning,2892.67,17
2018-02-01,art,1509.23,17
2018-02-01,audio,3038.58,17
2018-02-01,auto,48097.38,17
2018-02-01,baby,29228.18,17
2018-02-01,bed_bath_table,72283.45,17
2018-02-01,books_general_interest,2423.55,17
2018-02-01,books_imported,351.54,17
2018-02-01,books_technical,1845.1200000000001,17
2018-02-01,christmas_supplies,1739.73,17
2018-02-01,cine_photo,272.12,17
2018-02-01,computers_accessories,119542.19,17
2018-02-01,consoles_games,12786.41,17
2018-02-01,construction_tools_construction,10123.64,17
2018-02-01,construction_tools_lights,1967.47,17
2018-02-01,construction_tools_safety,6152.31,17
2018-02-01,cool_stuff,32923.74,17
2018-02-01,costruction_tools_garden,1922.03,17
2018-02-01,costruction_tools_tools,1446.44,17
2018-02-01,diapers_and_hygiene,150.76,17
2018-02-01,drinks,2355.68,17
2018-02-01,dvds_blu_ray,42.53,17
2018-02-01,electronics,19912.84,17
2018-02-01,fashio_female_clothing,45.089999999999996,17
2018-02-01,fashion_bags_accessories,11561.64,17
2018-02-01,fashion_male_clothing,446.86,17
2018-02-01,fashion_shoes,1251.52,17
2018-02-01,fashion_underwear_beach,440.28999999999996,17
2018-02-01,fixed_telephony,4918.3,17
2018-02-01,flowers,187.7,17
2018-02-01,food,2269.5299999999997,17
2018-02-01,food_drink,1331.43,17
2018-02-01,furniture_bedroom,1150.25,17
2018-02-01,furniture_decor,45467.14,17
2018-02-01,furniture_living_room,6442.67,17
2018-02-01,furniture_mattress_and_upholstery,597.6899999999999,17
2018-02-01,garden_tools,33613.47,17
2018-02-01,health_beauty,95403.74,17
2018-02-01,home_appliances,6496.28,17
2018-02-01,home_appliances_2,9986.74,17
2018-02-01,home_comfort_2,84.0,17
2018-02-01,home_confort,3397.87,17
2018-02-01,home_construction,5969.4400000000005,17
2018-02-01,housewares,43344.0,17
2018-02-01,industry_commerce_and_business,5469.2,17
2018-02-01,kitchen_dining_laundry_garden_furniture,5484.08,17
2018-02-01,luggage_accessories,7313.17,17
2018-02-01,market_place,2366.34,17
2018-02-01,music,277.24,17
2018-02-01,musical_instruments,10064.38,17
2018-02-01,office_furniture,21402.92,17
2018-02-01,perfumery,23359.22,17
2018-02-01,pet_shop,11106.98,17
2018-02-01,signaling_and_security,987.67,17
2018-02-01,small_appliances,6155.36,17
2018-02-01,small_appliances_home_oven_and_coffee,3213.6400000000003,17
2018-02-01,sports_leisure,86868.66,17
2018-02-01,stationery,12660.63,17
2018-02-01,tablets_printing_image,866.49,17
2018-02-01,telephony,18389.37,17
2018-02-01,toys,16538.64,17
2018-02-01,watches_gifts,66401.72,17
2018-03-01,agro_industry_and_commerce,5639.49,18
2018-03-01,air_conditioning,3023.0099999999998,18
2018-03-01,art,581.6600000000001,18
2018-03-01,audio,11264.369999999999,18
2018-03-01,auto,51571.42,18
2018-03-01,baby,44833.1,18
2018-03-01,bed_bath_table,82417.68000000001,18
2018-03-01,books_general_interest,2251.61,18
2018-03-01,books_imported,284.69,18
2018-03-01,books_technical,1232.47,18
2018-03-01,christmas_supplies,1194.29,18
2018-03-01,cine_photo,846.5400000000001,18
2018-03-01,computers_accessories,99518.85,18
2018-03-01,consoles_games,12552.87,18
2018-03-01,construction_tools_construction,10698.58,18
2018-03-01,construction_tools_lights,3138.15,18
2018-03-01,construction_tools_safety,5789.78,18
2018-03-01,cool_stuff,43264.64,18
2018-03-01,costruction_tools_garden,2572.17,18
2018-03-01,costruction_tools_tools,1154.77,18
2018-03-01,diapers_and_hygiene,193.55,18
2018-03-01,drinks,1268.52,18
2018-03-01,dvds_blu_ray,89.71,18
2018-03-01,electronics,16693.3,18
2018-03-01,fashio_female_clothing,154.51999999999998,18
2018-03-01,fashion_bags_accessories,12181.0,18
2018-03-01,fashion_childrens_clothes,96.56,18
2018-03-01,fashion_shoes,1286.57,18
2018-03-01,fashion_sport,97.39,18
2018-03-01,fashion_underwear_beach,368.40999999999997,18
2018-03-01,fixed_telephony,2200.84,18
2018-03-01,flowers,136.41,18
2018-03-01,food,2068.59,18
2018-03-01,food_drink,2623.5,18
2018-03-01,furniture_bedroom,1265.69,18
2018-03-01,furniture_decor,65332.98,18
2018-03-01,furniture_living_room,4279.8,18
2018-03-01,furniture_mattress_and_upholstery,584.9300000000001,18
2018-03-01,garden_tools,33146.0,18
2018-03-01,health_beauty,96288.54,18
2018-03-01,home_appliances,11501.01,18
2018-03-01,home_appliances_2,6085.99,18
2018-03-01,home_comfort_2,44.33,18
2018-03-01,home_confort,3060.62,18
2018-03-01,home_construction,6322.64,18
2018-03-01,housewares,43264.04,18
2018-03-01,industry_commerce_and_business,3517.23,18
2018-03-01,kitchen_dining_laundry_garden_furniture,3602.02,18
2018-03-01,la_cuisine,426.7,18
2018-03-01,luggage_accessories,7262.07,18
2018-03-01,market_place,1855.19,18
2018-03-01,music,362.36,18
2018-03-01,musical_instruments,10155.62,18
2018-03-01,office_furniture,39166.090000000004,18
2018-03-01,party_supplies,1070.29,18
2018-03-01,perfumery,23225.46,18
2018-03-01,pet_shop,16067.14,18
2018-03-01,signaling_and_security,1079.56,18
2018-03-01,small_appliances,14645.42,18
2018-03-01,small_appliances_home_oven_and_coffee,8220.48,18
2018-03-01,sports_leisure,94978.24,18
2018-03-01,stationery,15930.23,18
2018-03-01,tablets_printing_image,287.29,18
2018-03-01,telephony,28981.34,18
2018-03-01,toys,27063.19,18
2018-03-01,watches_gifts,102311.26,18
2018-04-01,agro_industry_and_commerce,4783.66,19
2018-04-01,air_conditioning,3532.0,19
2018-04-01,art,2421.49,19
2018-04-01,arts_and_craftmanship,34.22,19
2018-04-01,audio,7571.46,19
2018-04-01,auto,55216.95,19
2018-04-01,baby,53648.23,19
2018-04-01,bed_bath_table,84820.6,19
2018-04-01,books_general_interest,7169.92,19
2018-04-01,books_imported,352.37,19
2018-04-01,books_technical,1576.46,19
2018-04-01,cds_dvds_musicals,117.58,19
2018-04-01,christmas_supplies,518.58,19
2018-04-01,cine_photo,621.13,19
2018-04-01,computers,14571.61,19
2018-04-01,computers_accessories,66853.39,19
2018-04-01,consoles_games,6255.49,19
2018-04-01,construction_tools_construction,15059.82,19
2018-04-01,construction_tools_lights,5255.58,19
2018-04-01,construction_tools_safety,3383.74,19
2018-04-01,cool_stuff,38715.98,19
2018-04-01,costruction_tools_garden,1777.27,19
2018-04-01,costruction_tools_tools,1651.92,19
2018-04-01,diapers_and_hygiene,200.57,19
2018-04-01,drinks,5914.22,19
2018-04-01,dvds_blu_ray,267.67,19
2018-04-01,electronics,14485.57,19
2018-04-01,fashio_female_clothing,218.15,19
2018-04-01,fashion_bags_accessories,9804.53,19
2018-04-01,fashion_shoes,1717.97,19
2018-04-01,fashion_sport,105.41000000000001,19
2018-04-01,fashion_underwear_beach,440.17999999999995,19
2018-04-01,fixed_telephony,2127.68,19
2018-04-01,flowers,194.49,19
2018-04-01,food,2147.22,19
2018-04-01,food_drink,885.03,19
2018-04-01,furniture_bedroom,1612.6699999999998,19
2018-04-01,furniture_decor,67731.2,19
2018-04-01,furniture_living_room,6101.34,19
2018-04-01,garden_tools,39901.46,19
2018-04-01,health_beauty,103819.08,19
2018-04-01,home_appliances,18637.41,19
2018-04-01,home_appliances_2,21959.04,19
2018-04-01,home_comfort_2,18.76,19
2018-04-01,home_confort,2274.26,19
2018-04-01,home_construction,10649.36,19
2018-04-01,housewares,54455.05,19
2018-04-01,industry_commerce_and_business,6882.22,19
2018-04-01,kitchen_dining_laundry_garden_furniture,4143.7,19
2018-04-01,la_cuisine,334.12,19
2018-04-01,luggage_accessories,10272.07,19
2018-04-01,market_place,844.83,19
2018-04-01,music,1842.0600000000002,19
2018-04-01,musical_instruments,21176.37,19
2018-04-01,office_furniture,26177.34,19
2018-04-01,party_supplies,80.25999999999999,19
2018-04-01,perfumery,20091.32,19
2018-04-01,pet_shop,21661.64,19
2018-04-01,signaling_and_security,2951.28,19
2018-04-01,small_appliances,13278.35,19
2018-04-01,small_appliances_home_oven_and_coffee,13921.619999999999,19
2018-04-01,sports_leisure,76604.02,19
2018-04-01,stationery,13688.51,19
2018-04-01,tablets_printing_image,70.24,19
2018-04-01,telephony,20253.61,19
2018-04-01,toys,27161.16,19
2018-04-01,watches_gifts,96332.9,19
2018-05-01,agro_industry_and_commerce,3433.2200000000003,20
2018-05-01,air_conditioning,2231.35,20
2018-05-01,art,3021.88,20
2018-05-01,arts_and_craftmanship,101.05,20
2018-05-01,audio,3044.54,20
2018-05-01,auto,48079.82,20
2018-05-01,baby,38533.78,20
2018-05-01,bed_bath_table,83725.83,20
2018-05-01,books_general_interest,6793.86,20
2018-05-01,books_imported,525.71,20
2018-05-01,books_technical,3889.59,20
2018-05-01,christmas_supplies,672.74,20
2018-05-01,cine_photo,2381.28,20
2018-05-01,computers,9161.35,20
2018-05-01,computers_accessories,59048.69,20
2018-05-01,consoles_games,6269.67,20
2018-05-01,construction_tools_construction,23580.34,20
2018-05-01,construction_tools_lights,4646.88,20
2018-05-01,construction_tools_safety,6531.179999999999,20
2018-05-01,cool_stuff,33570.86,20
2018-05-01,costruction_tools_garden,1403.85,20
2018-05-01,costruction_tools_tools,506.26,20
2018-05-01,diapers_and_hygiene,159.65,20
2018-05-01,drinks,3264.84,20
2018-05-01,dvds_blu_ray,560.16,20
2018-05-01,electronics,17372.82,20
2018-05-01,fashion_bags_accessories,13363.15,20
2018-05-01,fashion_male_clothing,149.87,20
2018-05-01,fashion_shoes,1788.57,20
2018-05-01,fashion_underwear_beach,300.46,20
2018-05-01,fixed_telephony,2113.89,20
2018-05-01,flowers,35.72,20
2018-05-01,food,2079.48,20
2018-05-01,food_drink,1674.74,20
2018-05-01,furniture_bedroom,1816.9099999999999,20
2018-05-01,furniture_decor,64939.14,20
2018-05-01,furniture_living_room,3390.1000000000004,20
2018-05-01,garden_tools,42567.19,20
2018-05-01,health_beauty,108049.45,20
2018-05-01,home_appliances,7448.7300000000005,20
2018-05-01,home_appliances_2,15597.83,20
2018-05-01,home_confort,3105.32,20
2018-05-01,home_construction,11297.47,20
2018-05-01,housewares,75824.41,20
2018-05-01,industry_commerce_and_business,4855.9400000000005,20
2018-05-01,kitchen_dining_laundry_garden_furniture,2861.28,20
2018-05-01,luggage_accessories,8245.49,20
2018-05-01,market_place,1186.79,20
2018-05-01,music,827.4000000000001,20
2018-05-01,musical_instruments,20537.04,20
2018-05-01,office_furniture,25130.31,20
2018-05-01,party_supplies,170.44,20
2018-05-01,perfumery,27616.739999999998,20
2018-05-01,pet_shop,14022.31,20
2018-05-01,signaling_and_security,862.99,20
2018-05-01,small_appliances,11507.33,20
2018-05-01,small_appliances_home_oven_and_coffee,10474.539999999999,20
2018-05-01,sports_leisure,68298.37,20
2018-05-01,stationery,15347.18,20
2018-05-01,tablets_printing_image,58.19,20
2018-05-01,telephony,23100.96,20
2018-05-01,toys,36155.03,20
2018-05-01,watches_gifts,128015.78,20
2018-06-01,agro_industry_and_commerce,3843.05,21
2018-06-01,air_conditioning,4092.94,21
2018-06-01,art,3019.18,21
2018-06-01,audio,2168.13,21
2018-06-01,auto,51834.82,21
2018-06-01,baby,36479.5,21
2018-06-01,bed_bath_table,86764.22,21
2018-06-01,books_general_interest,3787.85,21
2018-06-01,books_imported,606.16,21
2018-06-01,books_technical,2184.59,21
2018-06-01,christmas_supplies,476.71,21
2018-06-01,cine_photo,609.36,21
2018-06-01,computers,13867.87,21
2018-06-01,computers_accessories,50413.0,21
2018-06-01,consoles_games,7642.03,21
2018-06-01,construction_tools_construction,25372.45,21
2018-06-01,construction_tools_lights,5538.59,21
2018-06-01,construction_tools_safety,2972.88,21
2018-06-01,cool_stuff,22026.04,21
2018-06-01,costruction_tools_garden,1067.6,21
2018-06-01,costruction_tools_tools,623.81,21
2018-06-01,diapers_and_hygiene,427.7,21
2018-06-01,drinks,2053.4,21
2018-06-01,dvds_blu_ray,505.03,21
2018-06-01,electronics,12946.08,21
2018-06-01,fashion_bags_accessories,9388.36,21
2018-06-01,fashion_childrens_clothes,97.47999999999999,21
2018-06-01,fashion_male_clothing,554.43,21
2018-06-01,fashion_shoes,1450.18,21
2018-06-01,fashion_underwear_beach,236.76,21
2018-06-01,fixed_telephony,2422.52,21
2018-06-01,flowers,140.7,21
2018-06-01,food,1693.59,21
2018-06-01,food_drink,512.81,21
2018-06-01,furniture_bedroom,1941.82,21
2018-06-01,furniture_decor,52183.28,21
2018-06-01,furniture_living_room,4529.65,21
2018-06-01,garden_tools,23031.2,21
2018-06-01,health_beauty,123593.05,21
2018-06-01,home_appliances,8056.51,21
2018-06-01,home_appliances_2,9112.539999999999,21
2018-06-01,home_comfort_2,51.379999999999995,21
2018-06-01,home_confort,2701.94,21
2018-06-01,home_construction,10936.73,21
2018-06-01,housewares,69058.45,21
2018-06-01,industry_commerce_and_business,3179.6800000000003,21
2018-06-01,kitchen_dining_laundry_garden_furniture,4535.22,21
2018-06-01,luggage_accessories,6138.72,21
2018-06-01,market_place,678.79,21
2018-06-01,music,169.56,21
2018-06-01,musical_instruments,17880.45,21
2018-06-01,office_furniture,15911.92,21
2018-06-01,party_supplies,112.38,21
2018-06-01,perfumery,30420.44,21
2018-06-01,pet_shop,23421.37,21
2018-06-01,signaling_and_security,6940.76,21
2018-06-01,small_appliances,16383.3,21
2018-06-01,small_appliances_home_oven_and_coffee,3672.13,21
2018-06-01,sports_leisure,53414.71,21
2018-06-01,stationery,16026.050000000001,21
2018-06-01,tablets_printing_image,72.85,21
2018-06-01,telephony,26178.53,21
2018-06-01,toys,25087.39,21
2018-06-01,watches_gifts,93696.86,21
2018-07-01,agro_industry_and_commerce,7520.33,22
2018-07-01,air_conditioning,3137.45,22
2018-07-01,art,2265.73,22
2018-07-01,arts_and_craftmanship,804.6,22
2018-07-01,audio,2409.0,22
2018-07-01,auto,50797.49,22
2018-07-01,baby,26828.16,22
2018-07-01,bed_bath_table,67873.84,22
2018-07-01,books_general_interest,4496.16,22
2018-07-01,books_imported,464.03999999999996,22
2018-07-01,books_technical,2398.98,22
2018-07-01,christmas_supplies,661.6600000000001,22
2018-07-01,cine_photo,1314.9,22
2018-07-01,computers,5025.27,22
2018-07-01,computers_accessories,49503.19,22
2018-07-01,consoles_games,9487.07,22
2018-07-01,construction_tools_construction,17559.02,22
2018-07-01,construction_tools_lights,8885.98,22
2018-07-01,construction_tools_safety,2142.9,22
2018-07-01,cool_stuff,24405.579999999998,22
2018-07-01,costruction_tools_garden,2520.09,22
2018-07-01,costruction_tools_tools,5779.450000000001,22
2018-07-01,diapers_and_hygiene,197.89,22
2018-07-01,drinks,1538.48,22
2018-07-01,dvds_blu_ray,96.88,22
2018-07-01,electronics,11669.11,22
2018-07-01,fashion_bags_accessories,7271.87,22
2018-07-01,fashion_male_clothing,295.68,22
2018-07-01,fashion_shoes,1095.16,22
2018-07-01,fashion_underwear_beach,141.32999999999998,22
2018-07-01,fixed_telephony,9658.18,22
2018-07-01,flowers,83.36,22
2018-07-01,food,4329.74,22
2018-07-01,food_drink,1121.56,22
2018-07-01,furniture_bedroom,1838.77,22
2018-07-01,furniture_decor,56443.75,22
2018-07-01,furniture_living_room,8750.18,22
2018-07-01,furniture_mattress_and_upholstery,141.83,22
2018-07-01,garden_tools,30517.22,22
2018-07-01,health_beauty,119567.24,22
2018-07-01,home_appliances,6529.5,22
2018-07-01,home_appliances_2,13931.33,22
2018-07-01,home_comfort_2,85.44,22
2018-07-01,home_confort,3467.5,22
2018-07-01,home_construction,8331.32,22
2018-07-01,housewares,76744.84,22
2018-07-01,industry_commerce_and_business,5593.9,22
2018-07-01,kitchen_dining_laundry_garden_furniture,4527.68,22
2018-07-01,luggage_accessories,7193.09,22
2018-07-01,market_place,277.34000000000003,22
2018-07-01,music,893.28,22
2018-07-01,musical_instruments,9255.4,22
2018-07-01,office_furniture,16316.22,22
2018-07-01,party_supplies,84.36,22
2018-07-01,perfumery,23636.739999999998,22
2018-07-01,pet_shop,23215.14,22
2018-07-01,signaling_and_security,6136.1900000000005,22
2018-07-01,small_appliances,9181.61,22
2018-07-01,small_appliances_home_oven_and_coffee,5171.36,22
2018-07-01,sports_leisure,64293.36,22
2018-07-01,stationery,21270.48,22
2018-07-01,telephony,30540.16,22
2018-07-01,toys,20156.22,22
2018-07-01,watches_gifts,102600.0,22
2018-08-01,agro_industry_and_commerce,5543.74,23
2018-08-01,air_conditioning,4007.8199999999997,23
2018-08-01,art,1775.9,23
2018-08-01,arts_and_craftmanship,1069.05,23
2018-08-01,audio,2469.1,23
2018-08-01,auto,50745.74,23
2018-08-01,baby,25955.19,23
2018-08-01,bed_bath_table,74734.04,23
2018-08-01,books_general_interest,2076.9900000000002,23
2018-08-01,books_imported,804.96,23
2018-08-01,books_technical,1861.38,23
2018-08-01,christmas_supplies,728.3599999999999,23
2018-08-01,cine_photo,720.4100000000001,23
2018-08-01,computers,9228.25,23
2018-08-01,computers_accessories,47772.37,23
2018-08-01,consoles_games,5332.57,23
2018-08-01,construction_tools_construction,25925.05,23
2018-08-01,construction_tools_lights,9888.59,23
2018-08-01,construction_tools_safety,4486.68,23
2018-08-01,cool_stuff,18459.58,23
2018-08-01,costruction_tools_garden,4294.490000000001,23
2018-08-01,costruction_tools_tools,1440.5,23
2018-08-01,diapers_and_hygiene,276.92999999999995,23
2018-08-01,drinks,1825.68,23
2018-08-01,dvds_blu_ray,16.29,23
2018-08-01,electronics,12924.6,23
2018-08-01,fashio_female_clothing,169.13,23
2018-08-01,fashion_bags_accessories,9970.4,23
2018-08-01,fashion_male_clothing,466.98,23
2018-08-01,fashion_shoes,577.2099999999999,23
2018-08-01,fashion_sport,83.05000000000001,23
2018-08-01,fashion_underwear_beach,173.78,23
2018-08-01,fixed_telephony,2891.02,23
2018-08-01,food,9571.13,23
2018-08-01,food_drink,1340.39,23
2018-08-01,furniture_bedroom,2819.88,23
2018-08-01,furniture_decor,51574.48,23
2018-08-01,furniture_living_room,6690.29,23
2018-08-01,garden_tools,20238.09,23
2018-08-01,health_beauty,135344.02,23
2018-08-01,home_appliances,7806.18,23
2018-08-01,home_appliances_2,8248.52,23
2018-08-01,home_confort,2571.88,23
2018-08-01,home_construction,7537.01,23
2018-08-01,housewares,72230.2,23
2018-08-01,industry_commerce_and_business,2744.05,23
2018-08-01,kitchen_dining_laundry_garden_furniture,2589.56,23
2018-08-01,luggage_accessories,7983.860000000001,23
2018-08-01,market_place,1107.97,23
2018-08-01,music,582.61,23
2018-08-01,musical_instruments,11705.45,23
2018-08-01,office_furniture,8386.67,23
2018-08-01,party_supplies,1590.42,23
2018-08-01,perfumery,28263.17,23
2018-08-01,pet_shop,28492.46,23
2018-08-01,signaling_and_security,2158.67,23
2018-08-01,small_appliances,6841.09,23
2018-08-01,small_appliances_home_oven_and_coffee,3391.13,23
2018-08-01,sports_leisure,59562.2,23
2018-08-01,stationery,18792.71,23
2018-08-01,telephony,41349.68,23
2018-08-01,toys,19970.95,23
2018-08-01,watches_gifts,76810.84,23
